id,framework,control_id,title,original_level1,original_level2,original_detail,mapping_status,note
CASP-001,CASP,CASP-001,정보보호 및 개인정보보호 정책·지침 제/개정,정보보호 정책 및 조직,1.1 정보보호 정책 수립,정보보호 및 개인정보보호 정책·지침 제/개정,프로토타입,
CASP-002,CASP,CASP-002,정보보호 정책의 최고경영자 승인 및 전사 공유,정보보호 정책 및 조직,1.1 정보보호 정책 수립,정보보호 정책의 최고경영자 승인 및 전사 공유,프로토타입,
CASP-003,CASP,CASP-003,CISO/CPO 임명 및 역할·권한 정의,정보보호 정책 및 조직,1.2 정보보호 조직 구성 및 역할 정의,CISO/CPO 임명 및 역할·권한 정의,프로토타입,
CASP-004,CASP,CASP-004,정보보호위원회 구성 및 정기 회의 운영,정보보호 정책 및 조직,1.2 정보보호 조직 구성 및 역할 정의,정보보호위원회 구성 및 정기 회의 운영,프로토타입,
CASP-005,CASP,CASP-005,입사 시 보안서약서 작성 및 신원 검증,인적 보안,2.1 임직원 보안,입사 시 보안서약서 작성 및 신원 검증,프로토타입,
CASP-006,CASP,CASP-006,정기 정보보호 교육 실시 및 이수 관리,인적 보안,2.1 임직원 보안,정기 정보보호 교육 실시 및 이수 관리,프로토타입,
CASP-007,CASP,CASP-007,개발/운영/보안 직무 간 권한 분리,인적 보안,2.2 직무 분리 등,개발/운영/보안 직무 간 권한 분리,프로토타입,
CASP-008,CASP,CASP-008,퇴직/보직 변경 시 즉시 계정 및 권한 회수,인적 보안,2.2 직무 분리 등,퇴직/보직 변경 시 즉시 계정 및 권한 회수,프로토타입,
CASP-009,CASP,CASP-009,"클라우드 자산(하드웨어, 소프트웨어, VM, 데이터 등) 식별 및 식별자 부여",자산 관리,3.1 클라우드 서비스 자산 식별 및 관리,"클라우드 자산(하드웨어, 소프트웨어, VM, 데이터 등) 식별 및 식별자 부여",프로토타입,
CASP-010,CASP,CASP-010,"자산 관리대장 작성, 최신화 및 자산 중요도 평가",자산 관리,3.1 클라우드 서비스 자산 식별 및 관리,"자산 관리대장 작성, 최신화 및 자산 중요도 평가",프로토타입,
CASP-011,CASP,CASP-011,외주/협력업체 선정 시 보안 평가 및 계약서 내 보안 요구사항 명시,서비스 공급망 관리,4.1 외주 및 협력업체 보안 관리,외주/협력업체 선정 시 보안 평가 및 계약서 내 보안 요구사항 명시,프로토타입,
CASP-012,CASP,CASP-012,위탁 업무/업체 주기적 보안 점검 및 계약 종료 시 데이터 파기 확인,서비스 공급망 관리,4.1 외주 및 협력업체 보안 관리,위탁 업무/업체 주기적 보안 점검 및 계약 종료 시 데이터 파기 확인,프로토타입,
CASP-013,CASP,CASP-013,클라우드 환경 특성을 반영한 위협 및 취약점 식별,위험 관리,5.1 위험 식별 및 평가,클라우드 환경 특성을 반영한 위협 및 취약점 식별,프로토타입,
CASP-014,CASP,CASP-014,정기적 위험 평가 수행 및 위험 수용 수준 설정,위험 관리,5.1 위험 식별 및 평가,정기적 위험 평가 수행 및 위험 수용 수준 설정,프로토타입,
CASP-015,CASP,CASP-015,위험 처리 계획(RTP) 수립 및 이행 관리,위험 관리,5.2 위험 조치 절차,위험 처리 계획(RTP) 수립 및 이행 관리,프로토타입,
CASP-016,CASP,CASP-016,잔여 위험에 대한 경영진 승인,위험 관리,5.2 위험 조치 절차,잔여 위험에 대한 경영진 승인,프로토타입,
CASP-017,CASP,CASP-017,기본 계정/패스워드 변경 및 불필요한 서비스/포트 제거 (보안 형상 관리),운영 보안,6.1 시스템 설정 관리 및 패치,기본 계정/패스워드 변경 및 불필요한 서비스/포트 제거 (보안 형상 관리),프로토타입,
CASP-018,CASP,CASP-018,최신 보안 패치 검증 및 정기 적용 절차,운영 보안,6.1 시스템 설정 관리 및 패치,최신 보안 패치 검증 및 정기 적용 절차,프로토타입,
CASP-019,CASP,CASP-019,"접속 로그, 작업 로그, 보안 로그 1년 이상 보관 및 백업",운영 보안,6.2 로그 보관 및 분석,"접속 로그, 작업 로그, 보안 로그 1년 이상 보관 및 백업",프로토타입,
CASP-020,CASP,CASP-020,로그 위·변조 방지 및 정기 모니터링/이상징후 분석,운영 보안,6.2 로그 보관 및 분석,로그 위·변조 방지 및 정기 모니터링/이상징후 분석,프로토타입,
CASP-021,CASP,CASP-021,"백업 정책 수립, 주기적 백업 수행 및 무결성 검증",운영 보안,6.3 백업 관리,"백업 정책 수립, 주기적 백업 수행 및 무결성 검증",프로토타입,
CASP-022,CASP,CASP-022,백업 데이터 소외 보관 및 복구 테스트 실시,운영 보안,6.3 백업 관리,백업 데이터 소외 보관 및 복구 테스트 실시,프로토타입,
CASP-023,CASP,CASP-023,데이터센터/보호구역 출입 승인 절차 및 출입 기록 보관,물리적 보안,7.1 IDC 및 인프라 출입 통제,데이터센터/보호구역 출입 승인 절차 및 출입 기록 보관,프로토타입,
CASP-024,CASP,CASP-024,CCTV 모니터링 및 출입 통제 시스템 운영,물리적 보안,7.1 IDC 및 인프라 출입 통제,CCTV 모니터링 및 출입 통제 시스템 운영,프로토타입,
CASP-025,CASP,CASP-025,"UPS, 비상발전기 등 무정전 전원 설비 갖춤 및 정기 점검",물리적 보안,7.2 무정전 전원 및 환경 설비,"UPS, 비상발전기 등 무정전 전원 설비 갖춤 및 정기 점검",프로토타입,
CASP-026,CASP,CASP-026,"항온항습, 화재 감지 및 소화 설비 구비",물리적 보안,7.2 무정전 전원 및 환경 설비,"항온항습, 화재 감지 및 소화 설비 구비",프로토타입,
CASP-027,CASP,CASP-027,"24x7 보안관제 체계 구축 및 보안장비(SIEM, ESM 등) 연동",침해사고 예방 및 대응,8.1 이벤트 모니터링 및 탐지,"24x7 보안관제 체계 구축 및 보안장비(SIEM, ESM 등) 연동",프로토타입,
CASP-028,CASP,CASP-028,임계치 초과 및 이상 행위 탐지 룰 설정,침해사고 예방 및 대응,8.1 이벤트 모니터링 및 탐지,임계치 초과 및 이상 행위 탐지 룰 설정,프로토타입,
CASP-029,CASP,CASP-029,침해사고 대응 절차 수립 및 사고조사/보고 체계 구축,침해사고 예방 및 대응,8.2 침해사고 대응 및 모의훈련,침해사고 대응 절차 수립 및 사고조사/보고 체계 구축,프로토타입,
CASP-030,CASP,CASP-030,연 1회 이상 침해사고 대비 모의훈련 실시 및 개선사항 반영,침해사고 예방 및 대응,8.2 침해사고 대응 및 모의훈련,연 1회 이상 침해사고 대비 모의훈련 실시 및 개선사항 반영,프로토타입,
CASP-031,CASP,CASP-031,관리자/사용자 계정 생성·변경·삭제 절차 및 정기 계정 점검,접근 통제 및 계정 관리,9.1 사용자/관리자 계정 관리,관리자/사용자 계정 생성·변경·삭제 절차 및 정기 계정 점검,프로토타입,
CASP-032,CASP,CASP-032,관리자 페이지 및 중요 시스템 접근 시 다중인증(MFA) 필수 적용,접근 통제 및 계정 관리,9.1 사용자/관리자 계정 관리,관리자 페이지 및 중요 시스템 접근 시 다중인증(MFA) 필수 적용,프로토타입,
CASP-033,CASP,CASP-033,최소 권한 부여 원칙 및 특권 계정 사용 통제,접근 통제 및 계정 관리,9.2 접근 권한 제어 및 세션 관리,최소 권한 부여 원칙 및 특권 계정 사용 통제,프로토타입,
CASP-034,CASP,CASP-034,일정 시간 미사용 시 세션 타임아웃(자동 로그아웃) 설정,접근 통제 및 계정 관리,9.2 접근 권한 제어 및 세션 관리,일정 시간 미사용 시 세션 타임아웃(자동 로그아웃) 설정,프로토타입,
CASP-035,CASP,CASP-035,데이터 전송 시 구간 암호화(TLS/HTTPS 등) 적용,암호화 적용,10.1 전송/저장 데이터 암호화,데이터 전송 시 구간 암호화(TLS/HTTPS 등) 적용,프로토타입,
CASP-036,CASP,CASP-036,"데이터 저장 시 중요정보(비밀번호, 개인정보 등) 안전한 암호화 알고리즘 적용",암호화 적용,10.1 전송/저장 데이터 암호화,"데이터 저장 시 중요정보(비밀번호, 개인정보 등) 안전한 암호화 알고리즘 적용",프로토타입,
CASP-037,CASP,CASP-037,암호키 생성·배포·보관·주기적 교체·파기 절차 수립,암호화 적용,10.2 암호키 관리,암호키 생성·배포·보관·주기적 교체·파기 절차 수립,프로토타입,
CASP-038,CASP,CASP-038,암호키에 대한 접근 권한 제한 및 안전한 저장소(KMS/HSM) 활용,암호화 적용,10.2 암호키 관리,암호키에 대한 접근 권한 제한 및 안전한 저장소(KMS/HSM) 활용,프로토타입,
CASP-039,CASP,CASP-039,"개발, 테스트, 운영 환경의 물리적/논리적 분리",시스템 도입 및 개발 보안,11.1 개발 환경 보안 및 보안 코딩,"개발, 테스트, 운영 환경의 물리적/논리적 분리",프로토타입,
CASP-040,CASP,CASP-040,시큐어 코딩 가이드 준수 및 소스코드 보안 취약점 진단,시스템 도입 및 개발 보안,11.1 개발 환경 보안 및 보안 코딩,시큐어 코딩 가이드 준수 및 소스코드 보안 취약점 진단,프로토타입,
CASP-041,CASP,CASP-041,"정기적인 OS, DB, WEB/WAS, 네트워크 웹/앱 취약점 점검",시스템 도입 및 개발 보안,11.2 취약점 점검 및 조치,"정기적인 OS, DB, WEB/WAS, 네트워크 웹/앱 취약점 점검",프로토타입,
CASP-042,CASP,CASP-042,식별된 취약점에 대한 조치 이행 및 조치 결과 재점검,시스템 도입 및 개발 보안,11.2 취약점 점검 및 조치,식별된 취약점에 대한 조치 이행 및 조치 결과 재점검,프로토타입,
CASP-043,CASP,CASP-043,하이퍼바이저 최신 보안 패치 및 최소 기능만 활성화,가상화 보안,12.1 가상화 하이퍼바이저 보안,하이퍼바이저 최신 보안 패치 및 최소 기능만 활성화,프로토타입,
CASP-044,CASP,CASP-044,하이퍼바이저 관리 콘솔 접근 통제 및 감사 로그 남김,가상화 보안,12.1 가상화 하이퍼바이저 보안,하이퍼바이저 관리 콘솔 접근 통제 및 감사 로그 남김,프로토타입,
CASP-045,CASP,CASP-045,테넌트(고객) 간 가상 머신 및 네트워크(VLAN/VPC) 완전 격리,가상화 보안,12.2 가상 머신(VM) 간 격리,테넌트(고객) 간 가상 머신 및 네트워크(VLAN/VPC) 완전 격리,프로토타입,
CASP-046,CASP,CASP-046,VM 할당/해제 시 메모리 및 저장공간 완전 삭제(잔여 데이터 방지),가상화 보안,12.2 가상 머신(VM) 간 격리,VM 할당/해제 시 메모리 및 저장공간 완전 삭제(잔여 데이터 방지),프로토타입,
CASP-047,CASP,CASP-047,서비스 영향평가(BIA) 및 재해복구 계획(DRP) 수립,서비스 연속성 관리,13.1 재해복구 및 비상대응 계획,서비스 영향평가(BIA) 및 재해복구 계획(DRP) 수립,프로토타입,
CASP-048,CASP,CASP-048,목표 복구 시간(RTO) 및 목표 복구 시점(RPO) 설정,서비스 연속성 관리,13.1 재해복구 및 비상대응 계획,목표 복구 시간(RTO) 및 목표 복구 시점(RPO) 설정,프로토타입,
CASP-049,CASP,CASP-049,이중화(HA) 센터 또는 주/보조 센터 간 데이터 실시간/주기적 복제,서비스 연속성 관리,13.2 백업 및 복구 시스템 구축,이중화(HA) 센터 또는 주/보조 센터 간 데이터 실시간/주기적 복제,프로토타입,
CASP-050,CASP,CASP-050,연 1회 이상 재해복구 모의훈련 및 복구 가능성 검증,서비스 연속성 관리,13.2 백업 및 복구 시스템 구축,연 1회 이상 재해복구 모의훈련 및 복구 가능성 검증,프로토타입,
CASP-051,CASP,CASP-051,공공기관 전용 클라우드 존(Zone) 구축 및 민간 영역과 물리적/논리적 분리,공공기관용 추가 보호조치,14.1 공공 데이터 격리 및 물리적 망분리,공공기관 전용 클라우드 존(Zone) 구축 및 민간 영역과 물리적/논리적 분리,프로토타입,
CASP-052,CASP,CASP-052,공공기관 전용 데이터독점 보장 및 저장 위치(국내 센터 제한) 규정 준수,공공기관용 추가 보호조치,14.1 공공 데이터 격리 및 물리적 망분리,공공기관 전용 데이터독점 보장 및 저장 위치(국내 센터 제한) 규정 준수,프로토타입,
CASP-053,CASP,CASP-053,"도입되는 보안 제품(방화벽, IPS 등)의 CC 인증 수렴 여부 확인",공공기관용 추가 보호조치,14.2 CC 인증 및 검증필 암호 모듈 적용,"도입되는 보안 제품(방화벽, IPS 등)의 CC 인증 수렴 여부 확인",프로토타입,
CASP-054,CASP,CASP-054,암호화 모듈 적용 시 국정원 검증필 암호모듈(KCMVP) 탑재 및 검증,공공기관용 추가 보호조치,14.2 CC 인증 및 검증필 암호 모듈 적용,암호화 모듈 적용 시 국정원 검증필 암호모듈(KCMVP) 탑재 및 검증,프로토타입,
ISMSP-001,ISMS-P,ISMSP-001,최고경영자 참여,분야 1: 관리체계 수립 및 운영,1.1 관리체계 기반 마련,최고경영자 참여,프로토타입,
ISMSP-002,ISMS-P,ISMSP-002,정보보호 및 개인정보보호 조직 구성,분야 1: 관리체계 수립 및 운영,1.1 관리체계 기반 마련,정보보호 및 개인정보보호 조직 구성,프로토타입,
ISMSP-003,ISMS-P,ISMSP-003,책임자 지정,분야 1: 관리체계 수립 및 운영,1.1 관리체계 기반 마련,책임자 지정,프로토타입,
ISMSP-004,ISMS-P,ISMSP-004,자원 할당,분야 1: 관리체계 수립 및 운영,1.1 관리체계 기반 마련,자원 할당,프로토타입,
ISMSP-005,ISMS-P,ISMSP-005,범위 설정,분야 1: 관리체계 수립 및 운영,1.1 관리체계 기반 마련,범위 설정,프로토타입,
ISMSP-006,ISMS-P,ISMSP-006,보고 및 공유,분야 1: 관리체계 수립 및 운영,1.1 관리체계 기반 마련,보고 및 공유,프로토타입,
ISMSP-007,ISMS-P,ISMSP-007,자산 식별,분야 1: 관리체계 수립 및 운영,1.2 위험 관리,자산 식별,프로토타입,
ISMSP-008,ISMS-P,ISMSP-008,위험 평가 절차,분야 1: 관리체계 수립 및 운영,1.2 위험 관리,위험 평가 절차,프로토타입,
ISMSP-009,ISMS-P,ISMSP-009,위험 처리 계획,분야 1: 관리체계 수립 및 운영,1.2 위험 관리,위험 처리 계획,프로토타입,
ISMSP-010,ISMS-P,ISMSP-010,위험 관리 체계 유지,분야 1: 관리체계 수립 및 운영,1.2 위험 관리,위험 관리 체계 유지,프로토타입,
ISMSP-011,ISMS-P,ISMSP-011,정책 및 지침 시행,분야 1: 관리체계 수립 및 운영,1.3 관리체계 운영,정책 및 지침 시행,프로토타입,
ISMSP-012,ISMS-P,ISMSP-012,임직원 보안 인식 및 교육,분야 1: 관리체계 수립 및 운영,1.3 관리체계 운영,임직원 보안 인식 및 교육,프로토타입,
ISMSP-013,ISMS-P,ISMSP-013,일상적 보안 검토,분야 1: 관리체계 수립 및 운영,1.3 관리체계 운영,일상적 보안 검토,프로토타입,
ISMSP-014,ISMS-P,ISMSP-014,내부 감사,분야 1: 관리체계 수립 및 운영,1.4 관리체계 점검 및 개선,내부 감사,프로토타입,
ISMSP-015,ISMS-P,ISMSP-015,사후 조치 및 개선,분야 1: 관리체계 수립 및 운영,1.4 관리체계 점검 및 개선,사후 조치 및 개선,프로토타입,
ISMSP-016,ISMS-P,ISMSP-016,경영진 검토 및 보고,분야 1: 관리체계 수립 및 운영,1.4 관리체계 점검 및 개선,경영진 검토 및 보고,프로토타입,
ISMSP-017,ISMS-P,ISMSP-017,정보보호 및 개인정보보호 정책 수립,분야 2: 보호대책 요구사항,"2.1 정책, 조직, 자산 관리",정보보호 및 개인정보보호 정책 수립,프로토타입,
ISMSP-018,ISMS-P,ISMSP-018,조직 구성 및 역할 부여,분야 2: 보호대책 요구사항,"2.1 정책, 조직, 자산 관리",조직 구성 및 역할 부여,프로토타입,
ISMSP-019,ISMS-P,ISMSP-019,자산 목록 관리,분야 2: 보호대책 요구사항,"2.1 정책, 조직, 자산 관리",자산 목록 관리,프로토타입,
ISMSP-020,ISMS-P,ISMSP-020,자산 중요도 평가 및 식별,분야 2: 보호대책 요구사항,"2.1 정책, 조직, 자산 관리",자산 중요도 평가 및 식별,프로토타입,
ISMSP-021,ISMS-P,ISMSP-021,주요 직무자 관리,분야 2: 보호대책 요구사항,2.2 인적 보안,주요 직무자 관리,프로토타입,
ISMSP-022,ISMS-P,ISMSP-022,보안 서약서 수령,분야 2: 보호대책 요구사항,2.2 인적 보안,보안 서약서 수령,프로토타입,
ISMSP-023,ISMS-P,ISMSP-023,임직원 보안 교육 및 훈련,분야 2: 보호대책 요구사항,2.2 인적 보안,임직원 보안 교육 및 훈련,프로토타입,
ISMSP-024,ISMS-P,ISMSP-024,퇴직 및 직무 이동 관리,분야 2: 보호대책 요구사항,2.2 인적 보안,퇴직 및 직무 이동 관리,프로토타입,
ISMSP-025,ISMS-P,ISMSP-025,보안 위반자 제재,분야 2: 보호대책 요구사항,2.2 인적 보안,보안 위반자 제재,프로토타입,
ISMSP-026,ISMS-P,ISMSP-026,신원 조사 및 적격성 검증,분야 2: 보호대책 요구사항,2.2 인적 보안,신원 조사 및 적격성 검증,프로토타입,
ISMSP-027,ISMS-P,ISMSP-027,위탁 및 용역 업체 선정,분야 2: 보호대책 요구사항,2.3 외부자 보안,위탁 및 용역 업체 선정,프로토타입,
ISMSP-028,ISMS-P,ISMSP-028,계약서 보안 요구사항 명시,분야 2: 보호대책 요구사항,2.3 외부자 보안,계약서 보안 요구사항 명시,프로토타입,
ISMSP-029,ISMS-P,ISMSP-029,외부자 보안 상태 점검 및 감독,분야 2: 보호대책 요구사항,2.3 외부자 보안,외부자 보안 상태 점검 및 감독,프로토타입,
ISMSP-030,ISMS-P,ISMSP-030,계약 종료 시 보안 조치,분야 2: 보호대책 요구사항,2.3 외부자 보안,계약 종료 시 보안 조치,프로토타입,
ISMSP-031,ISMS-P,ISMSP-031,보호구역 지정 및 관리,분야 2: 보호대책 요구사항,2.4 물리 보안,보호구역 지정 및 관리,프로토타입,
ISMSP-032,ISMS-P,ISMSP-032,통제구역 출입 통제,분야 2: 보호대책 요구사항,2.4 물리 보안,통제구역 출입 통제,프로토타입,
ISMSP-033,ISMS-P,ISMSP-033,시설 및 설비 보호,분야 2: 보호대책 요구사항,2.4 물리 보안,시설 및 설비 보호,프로토타입,
ISMSP-034,ISMS-P,ISMSP-034,장비 반출입 관리,분야 2: 보호대책 요구사항,2.4 물리 보안,장비 반출입 관리,프로토타입,
ISMSP-035,ISMS-P,ISMSP-035,작업 공간 보안 및 도난 방지,분야 2: 보호대책 요구사항,2.4 물리 보안,작업 공간 보안 및 도난 방지,프로토타입,
ISMSP-036,ISMS-P,ISMSP-036,사용자 식별 및 인증,분야 2: 보호대책 요구사항,2.5 인증 및 권한 관리,사용자 식별 및 인증,프로토타입,
ISMSP-037,ISMS-P,ISMSP-037,비밀번호 규칙 및 계정 관리,분야 2: 보호대책 요구사항,2.5 인증 및 권한 관리,비밀번호 규칙 및 계정 관리,프로토타입,
ISMSP-038,ISMS-P,ISMSP-038,접근 권한 최소 부여 및 관리,분야 2: 보호대책 요구사항,2.5 인증 및 권한 관리,접근 권한 최소 부여 및 관리,프로토타입,
ISMSP-039,ISMS-P,ISMSP-039,특수 권한 관리,분야 2: 보호대책 요구사항,2.5 인증 및 권한 관리,특수 권한 관리,프로토타입,
ISMSP-040,ISMS-P,ISMSP-040,계정 및 권한 정기 재검토,분야 2: 보호대책 요구사항,2.5 인증 및 권한 관리,계정 및 권한 정기 재검토,프로토타입,
ISMSP-041,ISMS-P,ISMSP-041,네트워크 접근 통제,분야 2: 보호대책 요구사항,2.6 접근 통제,네트워크 접근 통제,프로토타입,
ISMSP-042,ISMS-P,ISMSP-042,원격 근무 및 원격 접근 보안,분야 2: 보호대책 요구사항,2.6 접근 통제,원격 근무 및 원격 접근 보안,프로토타입,
ISMSP-043,ISMS-P,ISMSP-043,무선랜 통제 및 접속 관리,분야 2: 보호대책 요구사항,2.6 접근 통제,무선랜 통제 및 접속 관리,프로토타입,
ISMSP-044,ISMS-P,ISMSP-044,정보시스템 접근 통제,분야 2: 보호대책 요구사항,2.6 접근 통제,정보시스템 접근 통제,프로토타입,
ISMSP-045,ISMS-P,ISMSP-045,응용프로그램 접근 통제,분야 2: 보호대책 요구사항,2.6 접근 통제,응용프로그램 접근 통제,프로토타입,
ISMSP-046,ISMS-P,ISMSP-046,서버 및 네트워크 장비 접근 통제,분야 2: 보호대책 요구사항,2.6 접근 통제,서버 및 네트워크 장비 접근 통제,프로토타입,
ISMSP-047,ISMS-P,ISMSP-047,세션 관리 및 자동 로그아웃,분야 2: 보호대책 요구사항,2.6 접근 통제,세션 관리 및 자동 로그아웃,프로토타입,
ISMSP-048,ISMS-P,ISMSP-048,암호 정책 수립 및 적용,분야 2: 보호대책 요구사항,2.7 암호화 적용,암호 정책 수립 및 적용,프로토타입,
ISMSP-049,ISMS-P,ISMSP-049,저장 데이터 암호화,분야 2: 보호대책 요구사항,2.7 암호화 적용,저장 데이터 암호화,프로토타입,
ISMSP-050,ISMS-P,ISMSP-050,전송 데이터 암호화,분야 2: 보호대책 요구사항,2.7 암호화 적용,전송 데이터 암호화,프로토타입,
ISMSP-051,ISMS-P,ISMSP-051,암호키 생성·보관·배포 및 관리,분야 2: 보호대책 요구사항,2.7 암호화 적용,암호키 생성·보관·배포 및 관리,프로토타입,
ISMSP-052,ISMS-P,ISMSP-052,보안 요구사항 정의 및 분석,분야 2: 보호대책 요구사항,2.8 정보시스템 도입 및 개발 보안,보안 요구사항 정의 및 분석,프로토타입,
ISMSP-053,ISMS-P,ISMSP-053,안전한 개발 환경 구축,분야 2: 보호대책 요구사항,2.8 정보시스템 도입 및 개발 보안,안전한 개발 환경 구축,프로토타입,
ISMSP-054,ISMS-P,ISMSP-054,보안 코딩 및 취약점 점검,분야 2: 보호대책 요구사항,2.8 정보시스템 도입 및 개발 보안,보안 코딩 및 취약점 점검,프로토타입,
ISMSP-055,ISMS-P,ISMSP-055,개발 및 운영 환경 분리,분야 2: 보호대책 요구사항,2.8 정보시스템 도입 및 개발 보안,개발 및 운영 환경 분리,프로토타입,
ISMSP-056,ISMS-P,ISMSP-056,신규 시스템 검증 및 승인,분야 2: 보호대책 요구사항,2.8 정보시스템 도입 및 개발 보안,신규 시스템 검증 및 승인,프로토타입,
ISMSP-057,ISMS-P,ISMSP-057,변경 관리 절차 수립 및 이행,분야 2: 보호대책 요구사항,2.9 시스템 및 서비스 운영 관리,변경 관리 절차 수립 및 이행,프로토타입,
ISMSP-058,ISMS-P,ISMSP-058,백업 및 복구 테스트,분야 2: 보호대책 요구사항,2.9 시스템 및 서비스 운영 관리,백업 및 복구 테스트,프로토타입,
ISMSP-059,ISMS-P,ISMSP-059,성능 및 용량 관리,분야 2: 보호대책 요구사항,2.9 시스템 및 서비스 운영 관리,성능 및 용량 관리,프로토타입,
ISMSP-060,ISMS-P,ISMSP-060,패치 및 취약점 관리,분야 2: 보호대책 요구사항,2.9 시스템 및 서비스 운영 관리,패치 및 취약점 관리,프로토타입,
ISMSP-061,ISMS-P,ISMSP-061,작업 절차서 작성 및 운영,분야 2: 보호대책 요구사항,2.9 시스템 및 서비스 운영 관리,작업 절차서 작성 및 운영,프로토타입,
ISMSP-062,ISMS-P,ISMSP-062,외주 개발 및 시스템 운영 관리,분야 2: 보호대책 요구사항,2.9 시스템 및 서비스 운영 관리,외주 개발 및 시스템 운영 관리,프로토타입,
ISMSP-063,ISMS-P,ISMSP-063,매체 관리 및 안전한 파기,분야 2: 보호대책 요구사항,2.9 시스템 및 서비스 운영 관리,매체 관리 및 안전한 파기,프로토타입,
ISMSP-064,ISMS-P,ISMSP-064,악성코드 통제 및 대응,분야 2: 보호대책 요구사항,2.10 시스템 및 서비스 보안 관리,악성코드 통제 및 대응,프로토타입,
ISMSP-065,ISMS-P,ISMSP-065,정보시스템 로그 보관 및 관리,분야 2: 보호대책 요구사항,2.10 시스템 및 서비스 보안 관리,정보시스템 로그 보관 및 관리,프로토타입,
ISMSP-066,ISMS-P,ISMSP-066,로그 분석 및 이상 징후 모니터링,분야 2: 보호대책 요구사항,2.10 시스템 및 서비스 보안 관리,로그 분석 및 이상 징후 모니터링,프로토타입,
ISMSP-067,ISMS-P,ISMSP-067,시각 동기화 (NTP),분야 2: 보호대책 요구사항,2.10 시스템 및 서비스 보안 관리,시각 동기화 (NTP),프로토타입,
ISMSP-068,ISMS-P,ISMSP-068,네트워크 보안 장비 설정 및 관리,분야 2: 보호대책 요구사항,2.10 시스템 및 서비스 보안 관리,네트워크 보안 장비 설정 및 관리,프로토타입,
ISMSP-069,ISMS-P,ISMSP-069,서버 및 시스템 접근 통제,분야 2: 보호대책 요구사항,2.10 시스템 및 서비스 보안 관리,서버 및 시스템 접근 통제,프로토타입,
ISMSP-070,ISMS-P,ISMSP-070,데이터베이스 보안 관리,분야 2: 보호대책 요구사항,2.10 시스템 및 서비스 보안 관리,데이터베이스 보안 관리,프로토타입,
ISMSP-071,ISMS-P,ISMSP-071,웹 서비스 보안 및 방화벽 설정,분야 2: 보호대책 요구사항,2.10 시스템 및 서비스 보안 관리,웹 서비스 보안 및 방화벽 설정,프로토타입,
ISMSP-072,ISMS-P,ISMSP-072,공개 서버 관리,분야 2: 보호대책 요구사항,2.10 시스템 및 서비스 보안 관리,공개 서버 관리,프로토타입,
ISMSP-073,ISMS-P,ISMSP-073,침해사고 대응 체계 구축,분야 2: 보호대책 요구사항,2.11 사고 예방 및 대응,침해사고 대응 체계 구축,프로토타입,
ISMSP-074,ISMS-P,ISMSP-074,이상 징후 모니터링,분야 2: 보호대책 요구사항,2.11 사고 예방 및 대응,이상 징후 모니터링,프로토타입,
ISMSP-075,ISMS-P,ISMSP-075,침해사고 모의훈련 실시,분야 2: 보호대책 요구사항,2.11 사고 예방 및 대응,침해사고 모의훈련 실시,프로토타입,
ISMSP-076,ISMS-P,ISMSP-076,침해사고 보고 및 통지 절차,분야 2: 보호대책 요구사항,2.11 사고 예방 및 대응,침해사고 보고 및 통지 절차,프로토타입,
ISMSP-077,ISMS-P,ISMSP-077,침해사고 원인 분석 및 재발 방지,분야 2: 보호대책 요구사항,2.11 사고 예방 및 대응,침해사고 원인 분석 및 재발 방지,프로토타입,
ISMSP-078,ISMS-P,ISMSP-078,재해복구 및 비상대응 계획 수립,분야 2: 보호대책 요구사항,2.12 재해 복구,재해복구 및 비상대응 계획 수립,프로토타입,
ISMSP-079,ISMS-P,ISMSP-079,백업 체계 구축 및 주기적 복구 테스트,분야 2: 보호대책 요구사항,2.12 재해 복구,백업 체계 구축 및 주기적 복구 테스트,프로토타입,
ISMSP-080,ISMS-P,ISMSP-080,서비스 연속성 유지 방안 마련,분야 2: 보호대책 요구사항,2.12 재해 복구,서비스 연속성 유지 방안 마련,프로토타입,
ISMSP-081,ISMS-P,ISMSP-081,개인정보 최소 수집 제한,분야 3: 개인정보 처리단계별 요구사항,3.1 개인정보 수집 시 보호조치,개인정보 최소 수집 제한,프로토타입,
ISMSP-082,ISMS-P,ISMSP-082,동의 요건 준수 및 고지사항 명시,분야 3: 개인정보 처리단계별 요구사항,3.1 개인정보 수집 시 보호조치,동의 요건 준수 및 고지사항 명시,프로토타입,
ISMSP-083,ISMS-P,ISMSP-083,고유식별정보 및 주민등록번호 처리 제한,분야 3: 개인정보 처리단계별 요구사항,3.1 개인정보 수집 시 보호조치,고유식별정보 및 주민등록번호 처리 제한,프로토타입,
ISMSP-084,ISMS-P,ISMSP-084,민감정보 처리 제한,분야 3: 개인정보 처리단계별 요구사항,3.1 개인정보 수집 시 보호조치,민감정보 처리 제한,프로토타입,
ISMSP-085,ISMS-P,ISMSP-085,목적 외 이용 및 제공 제한,분야 3: 개인정보 처리단계별 요구사항,3.2 개인정보 보유 및 이용 시 보호조치,목적 외 이용 및 제공 제한,프로토타입,
ISMSP-086,ISMS-P,ISMSP-086,개인정보 처리위탁 관리 및 공개,분야 3: 개인정보 처리단계별 요구사항,3.2 개인정보 보유 및 이용 시 보호조치,개인정보 처리위탁 관리 및 공개,프로토타입,
ISMSP-087,ISMS-P,ISMSP-087,개인정보 다운로드 및 간출 관리,분야 3: 개인정보 처리단계별 요구사항,3.2 개인정보 보유 및 이용 시 보호조치,개인정보 다운로드 및 간출 관리,프로토타입,
ISMSP-088,ISMS-P,ISMSP-088,개인정보 영향평가 수행,분야 3: 개인정보 처리단계별 요구사항,3.2 개인정보 보유 및 이용 시 보호조치,개인정보 영향평가 수행,프로토타입,
ISMSP-089,ISMS-P,ISMSP-089,동의 철회 및 회원 탈퇴 보장,분야 3: 개인정보 처리단계별 요구사항,3.2 개인정보 보유 및 이용 시 보호조치,동의 철회 및 회원 탈퇴 보장,프로토타입,
ISMSP-090,ISMS-P,ISMSP-090,개인정보 간출 및 외부 전달 통제,분야 3: 개인정보 처리단계별 요구사항,3.2 개인정보 보유 및 이용 시 보호조치,개인정보 간출 및 외부 전달 통제,프로토타입,
ISMSP-091,ISMS-P,ISMSP-091,제3자 제공 동의 수령 및 안전조치,분야 3: 개인정보 처리단계별 요구사항,3.3 개인정보 제공 시 보호조치,제3자 제공 동의 수령 및 안전조치,프로토타입,
ISMSP-092,ISMS-P,ISMSP-092,개인정보 국외 이전 요건 충족,분야 3: 개인정보 처리단계별 요구사항,3.3 개인정보 제공 시 보호조치,개인정보 국외 이전 요건 충족,프로토타입,
ISMSP-093,ISMS-P,ISMSP-093,제공 목적 달성 후 안전한 처리 확인,분야 3: 개인정보 처리단계별 요구사항,3.3 개인정보 제공 시 보호조치,제공 목적 달성 후 안전한 처리 확인,프로토타입,
ISMSP-094,ISMS-P,ISMSP-094,파기 기한 준수 및 기준 수립,분야 3: 개인정보 처리단계별 요구사항,3.4 개인정보 파기 시 보호조치,파기 기한 준수 및 기준 수립,프로토타입,
ISMSP-095,ISMS-P,ISMSP-095,복구 불가능한 안전한 파기 방법 적용,분야 3: 개인정보 처리단계별 요구사항,3.4 개인정보 파기 시 보호조치,복구 불가능한 안전한 파기 방법 적용,프로토타입,
ISMSP-096,ISMS-P,ISMSP-096,파기 결과 확인 및 기록 보존,분야 3: 개인정보 처리단계별 요구사항,3.4 개인정보 파기 시 보호조치,파기 결과 확인 및 기록 보존,프로토타입,
ISMSP-097,ISMS-P,ISMSP-097,개인정보 열람 및 정정·삭제 요구 대응,분야 3: 개인정보 처리단계별 요구사항,3.5 정보주체 권리 보장,개인정보 열람 및 정정·삭제 요구 대응,프로토타입,
ISMSP-098,ISMS-P,ISMSP-098,처리정지 요구 대응 절차 수립,분야 3: 개인정보 처리단계별 요구사항,3.5 정보주체 권리 보장,처리정지 요구 대응 절차 수립,프로토타입,
ISMSP-099,ISMS-P,ISMSP-099,권리 행사 방법 및 절차 안내,분야 3: 개인정보 처리단계별 요구사항,3.5 정보주체 권리 보장,권리 행사 방법 및 절차 안내,프로토타입,
ISMSP-100,ISMS-P,ISMSP-100,정보주체 요구 대응 기록 관리,분야 3: 개인정보 처리단계별 요구사항,3.5 정보주체 권리 보장,정보주체 요구 대응 기록 관리,프로토타입,
ISMSP-101,ISMS-P,ISMSP-101,법정대리인 권리 행사 보장,분야 3: 개인정보 처리단계별 요구사항,3.5 정보주체 권리 보장,법정대리인 권리 행사 보장,프로토타입,
A.5.1,ISO27001,A.5.1,정보보호 정책 (Policies for information security),조직적 통제 (A.5),,정보보호 정책 (Policies for information security),프로토타입,
A.5.2,ISO27001,A.5.2,정보보호 역할 및 책임 (Information security roles and responsibilities),조직적 통제 (A.5),,정보보호 역할 및 책임 (Information security roles and responsibilities),프로토타입,
A.5.3,ISO27001,A.5.3,직무 분리 (Segregation of duties),조직적 통제 (A.5),,직무 분리 (Segregation of duties),프로토타입,
A.5.4,ISO27001,A.5.4,경영진의 책임 (Management responsibilities),조직적 통제 (A.5),,경영진의 책임 (Management responsibilities),프로토타입,
A.5.5,ISO27001,A.5.5,당국과의 연락 (Contact with authorities),조직적 통제 (A.5),,당국과의 연락 (Contact with authorities),프로토타입,
A.5.6,ISO27001,A.5.6,특수 관심 집단과의 연락 (Contact with special interest groups),조직적 통제 (A.5),,특수 관심 집단과의 연락 (Contact with special interest groups),프로토타입,
A.5.7,ISO27001,A.5.7,위협 인텔리전스 (Threat intelligence),조직적 통제 (A.5),,위협 인텔리전스 (Threat intelligence),프로토타입,
A.5.8,ISO27001,A.5.8,프로젝트 관리의 정보보호 (Information security in project management),조직적 통제 (A.5),,프로젝트 관리의 정보보호 (Information security in project management),프로토타입,
A.5.9,ISO27001,A.5.9,정보 및 기타 관련 자산의 목록 (Inventory of information and other associated assets),조직적 통제 (A.5),,정보 및 기타 관련 자산의 목록 (Inventory of information and other associated assets),프로토타입,
A.5.10,ISO27001,A.5.10,정보 및 기타 관련 자산의 허용된 사용 (Acceptable use of information and other associated assets),조직적 통제 (A.5),,정보 및 기타 관련 자산의 허용된 사용 (Acceptable use of information and other associated assets),프로토타입,
A.5.11,ISO27001,A.5.11,자산의 반납 (Return of assets),조직적 통제 (A.5),,자산의 반납 (Return of assets),프로토타입,
A.5.12,ISO27001,A.5.12,정보의 분류 (Classification of information),조직적 통제 (A.5),,정보의 분류 (Classification of information),프로토타입,
A.5.13,ISO27001,A.5.13,정보의 라벨링 (Labeling of information),조직적 통제 (A.5),,정보의 라벨링 (Labeling of information),프로토타입,
A.5.14,ISO27001,A.5.14,정보 전송 (Information transfer),조직적 통제 (A.5),,정보 전송 (Information transfer),프로토타입,
A.5.15,ISO27001,A.5.15,접근 통제 (Access control),조직적 통제 (A.5),,접근 통제 (Access control),프로토타입,
A.5.16,ISO27001,A.5.16,자격 증명 관리 (Identity management),조직적 통제 (A.5),,자격 증명 관리 (Identity management),프로토타입,
A.5.17,ISO27001,A.5.17,인증 정보 관리 (Authentication information),조직적 통제 (A.5),,인증 정보 관리 (Authentication information),프로토타입,
A.5.18,ISO27001,A.5.18,접근 권한 (Access rights),조직적 통제 (A.5),,접근 권한 (Access rights),프로토타입,
A.5.19,ISO27001,A.5.19,공급자 관계에서의 정보보호 (Information security in supplier relationships),조직적 통제 (A.5),,공급자 관계에서의 정보보호 (Information security in supplier relationships),프로토타입,
A.5.20,ISO27001,A.5.20,공급자 합의서 내 보안 처리 (Addressing information security within supplier agreements),조직적 통제 (A.5),,공급자 합의서 내 보안 처리 (Addressing information security within supplier agreements),프로토타입,
A.5.21,ISO27001,A.5.21,ICT 공급망 보안 관리 (Managing information security in the ICT supply chain),조직적 통제 (A.5),,ICT 공급망 보안 관리 (Managing information security in the ICT supply chain),프로토타입,
A.5.22,ISO27001,A.5.22,"공급자 서비스 관리 및 모니터링 (Monitoring, review and change management of supplier services)",조직적 통제 (A.5),,"공급자 서비스 관리 및 모니터링 (Monitoring, review and change management of supplier services)",프로토타입,
A.5.23,ISO27001,A.5.23,클라우드 서비스 이용 보안 (Information security for use of cloud services),조직적 통제 (A.5),,클라우드 서비스 이용 보안 (Information security for use of cloud services),프로토타입,
A.5.24,ISO27001,A.5.24,정보보호 침해사고 관리 기획 및 준비 (Information security incident management planning and preparation),조직적 통제 (A.5),,정보보호 침해사고 관리 기획 및 준비 (Information security incident management planning and preparation),프로토타입,
A.5.25,ISO27001,A.5.25,정보보호 사건 평가 및 결정 (Assessment and decision on information security events),조직적 통제 (A.5),,정보보호 사건 평가 및 결정 (Assessment and decision on information security events),프로토타입,
A.5.26,ISO27001,A.5.26,정보보호 침해사고 대응 (Response to information security incidents),조직적 통제 (A.5),,정보보호 침해사고 대응 (Response to information security incidents),프로토타입,
A.5.27,ISO27001,A.5.27,정보보호 침해사고로부터의 학습 (Learning from information security incidents),조직적 통제 (A.5),,정보보호 침해사고로부터의 학습 (Learning from information security incidents),프로토타입,
A.5.28,ISO27001,A.5.28,증거 수집 (Collection of evidence),조직적 통제 (A.5),,증거 수집 (Collection of evidence),프로토타입,
A.5.29,ISO27001,A.5.29,혼란 중 정보보호 (Information security during disruption),조직적 통제 (A.5),,혼란 중 정보보호 (Information security during disruption),프로토타입,
A.5.30,ISO27001,A.5.30,ICT 비즈니스 연속성 대비 (ICT readiness for business continuity),조직적 통제 (A.5),,ICT 비즈니스 연속성 대비 (ICT readiness for business continuity),프로토타입,
A.5.31,ISO27001,A.5.31,"법적, 규제적, 계약적 요구사항 식별 (Legal, statutory, regulatory and contractual requirements)",조직적 통제 (A.5),,"법적, 규제적, 계약적 요구사항 식별 (Legal, statutory, regulatory and contractual requirements)",프로토타입,
A.5.32,ISO27001,A.5.32,지식재산권 (Intellectual property rights),조직적 통제 (A.5),,지식재산권 (Intellectual property rights),프로토타입,
A.5.33,ISO27001,A.5.33,기록 보호 (Protection of records),조직적 통제 (A.5),,기록 보호 (Protection of records),프로토타입,
A.5.34,ISO27001,A.5.34,개인식별정보(PII) 및 프라이버시 보호 (Privacy and protection of PII),조직적 통제 (A.5),,개인식별정보(PII) 및 프라이버시 보호 (Privacy and protection of PII),프로토타입,
A.5.35,ISO27001,A.5.35,정보보호의 독립적 검토 (Independent review of information security),조직적 통제 (A.5),,정보보호의 독립적 검토 (Independent review of information security),프로토타입,
A.5.36,ISO27001,A.5.36,정보보호 정책 및 표준 준수 (Compliance with policies and standards for information security),조직적 통제 (A.5),,정보보호 정책 및 표준 준수 (Compliance with policies and standards for information security),프로토타입,
A.5.37,ISO27001,A.5.37,문서화된 운영 절차 (Documented operating procedures),조직적 통제 (A.5),,문서화된 운영 절차 (Documented operating procedures),프로토타입,
A.6.1,ISO27001,A.6.1,채용 전 검증 (Screening),인적 통제 (A.6),,채용 전 검증 (Screening),프로토타입,
A.6.2,ISO27001,A.6.2,고용 계약 조건 (Terms and conditions of employment),인적 통제 (A.6),,고용 계약 조건 (Terms and conditions of employment),프로토타입,
A.6.3,ISO27001,A.6.3,"정보보호 인식, 교육 및 훈련 (Information security awareness, education and training)",인적 통제 (A.6),,"정보보호 인식, 교육 및 훈련 (Information security awareness, education and training)",프로토타입,
A.6.4,ISO27001,A.6.4,징계 절차 (Disciplinary process),인적 통제 (A.6),,징계 절차 (Disciplinary process),프로토타입,
A.6.5,ISO27001,A.6.5,퇴직 또는 직무 변경 후의 책임 (Responsibilities after termination or change of employment),인적 통제 (A.6),,퇴직 또는 직무 변경 후의 책임 (Responsibilities after termination or change of employment),프로토타입,
A.6.6,ISO27001,A.6.6,기밀유지 또는 비개시 협약 (Confidentiality or non-disclosure agreements),인적 통제 (A.6),,기밀유지 또는 비개시 협약 (Confidentiality or non-disclosure agreements),프로토타입,
A.6.7,ISO27001,A.6.7,원격 근무 (Remote working),인적 통제 (A.6),,원격 근무 (Remote working),프로토타입,
A.6.8,ISO27001,A.6.8,정보보호 사건 보고 (Information security event reporting),인적 통제 (A.6),,정보보호 사건 보고 (Information security event reporting),프로토타입,
A.7.1,ISO27001,A.7.1,물리적 보안 경계 (Physical security perimeters),물리적 통제 (A.7),,물리적 보안 경계 (Physical security perimeters),프로토타입,
A.7.2,ISO27001,A.7.2,물리적 출입 (Physical entry),물리적 통제 (A.7),,물리적 출입 (Physical entry),프로토타입,
A.7.3,ISO27001,A.7.3,"사무실, 공간 및 시설의 보안 (Securing offices, rooms and facilities)",물리적 통제 (A.7),,"사무실, 공간 및 시설의 보안 (Securing offices, rooms and facilities)",프로토타입,
A.7.4,ISO27001,A.7.4,물리적 보안 모니터링 (Physical security monitoring),물리적 통제 (A.7),,물리적 보안 모니터링 (Physical security monitoring),프로토타입,
A.7.5,ISO27001,A.7.5,물리적 및 환경적 위협에 대한 보호 (Protecting against physical and environmental threats),물리적 통제 (A.7),,물리적 및 환경적 위협에 대한 보호 (Protecting against physical and environmental threats),프로토타입,
A.7.6,ISO27001,A.7.6,보호 구역에서의 작업 (Working in secure areas),물리적 통제 (A.7),,보호 구역에서의 작업 (Working in secure areas),프로토타입,
A.7.7,ISO27001,A.7.7,클리어 데스크 및 클리어 스크린 (Clear desk and clear screen),물리적 통제 (A.7),,클리어 데스크 및 클리어 스크린 (Clear desk and clear screen),프로토타입,
A.7.8,ISO27001,A.7.8,장비의 배치 및 보호 (Equipment siting and protection),물리적 통제 (A.7),,장비의 배치 및 보호 (Equipment siting and protection),프로토타입,
A.7.9,ISO27001,A.7.9,사업장 외 자산의 보안 (Security of assets off-premises),물리적 통제 (A.7),,사업장 외 자산의 보안 (Security of assets off-premises),프로토타입,
A.7.10,ISO27001,A.7.10,저장 매체 (Storage media),물리적 통제 (A.7),,저장 매체 (Storage media),프로토타입,
A.7.11,ISO27001,A.7.11,지원 설비 (Supporting utilities),물리적 통제 (A.7),,지원 설비 (Supporting utilities),프로토타입,
A.7.12,ISO27001,A.7.12,케이블 보안 (Cabling security),물리적 통제 (A.7),,케이블 보안 (Cabling security),프로토타입,
A.7.13,ISO27001,A.7.13,장비 유지보수 (Equipment maintenance),물리적 통제 (A.7),,장비 유지보수 (Equipment maintenance),프로토타입,
A.7.14,ISO27001,A.7.14,자산의 안전한 파기 또는 재사용 (Secure disposal or re-use of equipment),물리적 통제 (A.7),,자산의 안전한 파기 또는 재사용 (Secure disposal or re-use of equipment),프로토타입,
A.8.1,ISO27001,A.8.1,사용자 엔드포인트 장치 (User endpoint devices),기술적 통제 (A.8),,사용자 엔드포인트 장치 (User endpoint devices),프로토타입,
A.8.2,ISO27001,A.8.2,특권 접근 권한 (Privileged access rights),기술적 통제 (A.8),,특권 접근 권한 (Privileged access rights),프로토타입,
A.8.3,ISO27001,A.8.3,정보 접근 제한 (Information access restriction),기술적 통제 (A.8),,정보 접근 제한 (Information access restriction),프로토타입,
A.8.4,ISO27001,A.8.4,소스 코드 접근 (Access to source code),기술적 통제 (A.8),,소스 코드 접근 (Access to source code),프로토타입,
A.8.5,ISO27001,A.8.5,강력한 인증 (Secure authentication),기술적 통제 (A.8),,강력한 인증 (Secure authentication),프로토타입,
A.8.6,ISO27001,A.8.6,용량 관리 (Capacity management),기술적 통제 (A.8),,용량 관리 (Capacity management),프로토타입,
A.8.7,ISO27001,A.8.7,악성 코드 방지 (Protection against malware),기술적 통제 (A.8),,악성 코드 방지 (Protection against malware),프로토타입,
A.8.8,ISO27001,A.8.8,기술적 취약점 관리 (Management of technical vulnerabilities),기술적 통제 (A.8),,기술적 취약점 관리 (Management of technical vulnerabilities),프로토타입,
A.8.9,ISO27001,A.8.9,형상 관리 (Configuration management),기술적 통제 (A.8),,형상 관리 (Configuration management),프로토타입,
A.8.10,ISO27001,A.8.10,정보 삭제 (Information deletion),기술적 통제 (A.8),,정보 삭제 (Information deletion),프로토타입,
A.8.11,ISO27001,A.8.11,데이터 마스킹 (Data masking),기술적 통제 (A.8),,데이터 마스킹 (Data masking),프로토타입,
A.8.12,ISO27001,A.8.12,데이터 유출 방지 (Data leakage prevention - DLP),기술적 통제 (A.8),,데이터 유출 방지 (Data leakage prevention - DLP),프로토타입,
A.8.13,ISO27001,A.8.13,백업 (Information backup),기술적 통제 (A.8),,백업 (Information backup),프로토타입,
A.8.14,ISO27001,A.8.14,정보 처리 시설의 이중화 (Redundancy of information processing facilities),기술적 통제 (A.8),,정보 처리 시설의 이중화 (Redundancy of information processing facilities),프로토타입,
A.8.15,ISO27001,A.8.15,로깅 (Logging),기술적 통제 (A.8),,로깅 (Logging),프로토타입,
A.8.16,ISO27001,A.8.16,활동 모니터링 (Monitoring activities),기술적 통제 (A.8),,활동 모니터링 (Monitoring activities),프로토타입,
A.8.17,ISO27001,A.8.17,시각 동기화 (Clock synchronization),기술적 통제 (A.8),,시각 동기화 (Clock synchronization),프로토타입,
A.8.18,ISO27001,A.8.18,유틸리티 프로그램의 사용 (Use of privileged utility programs),기술적 통제 (A.8),,유틸리티 프로그램의 사용 (Use of privileged utility programs),프로토타입,
A.8.19,ISO27001,A.8.19,운영 시스템의 소프트웨어 설치 (Installation of software on operational systems),기술적 통제 (A.8),,운영 시스템의 소프트웨어 설치 (Installation of software on operational systems),프로토타입,
A.8.20,ISO27001,A.8.20,네트워크 보안 (Networks security),기술적 통제 (A.8),,네트워크 보안 (Networks security),프로토타입,
A.8.21,ISO27001,A.8.21,네트워크 서비스의 보안 (Security of network services),기술적 통제 (A.8),,네트워크 서비스의 보안 (Security of network services),프로토타입,
A.8.22,ISO27001,A.8.22,네트워크 분리 (Segregation of networks),기술적 통제 (A.8),,네트워크 분리 (Segregation of networks),프로토타입,
A.8.23,ISO27001,A.8.23,웹 필터링 (Web filtering),기술적 통제 (A.8),,웹 필터링 (Web filtering),프로토타입,
A.8.24,ISO27001,A.8.24,암호화 사용 (Use of cryptography),기술적 통제 (A.8),,암호화 사용 (Use of cryptography),프로토타입,
A.8.25,ISO27001,A.8.25,개발 생명주기의 보안 (Secure development life cycle),기술적 통제 (A.8),,개발 생명주기의 보안 (Secure development life cycle),프로토타입,
A.8.26,ISO27001,A.8.26,애플리케이션 보안 요구사항 (Application security requirements),기술적 통제 (A.8),,애플리케이션 보안 요구사항 (Application security requirements),프로토타입,
A.8.27,ISO27001,A.8.27,보안 시스템 아키텍처 및 엔지니어링 원칙 (Secure system architecture and engineering principles),기술적 통제 (A.8),,보안 시스템 아키텍처 및 엔지니어링 원칙 (Secure system architecture and engineering principles),프로토타입,
A.8.28,ISO27001,A.8.28,보안 코딩 (Secure coding),기술적 통제 (A.8),,보안 코딩 (Secure coding),프로토타입,
A.8.29,ISO27001,A.8.29,개발 및 테스트 시 보안 검증 (Security testing in development and acceptance),기술적 통제 (A.8),,개발 및 테스트 시 보안 검증 (Security testing in development and acceptance),프로토타입,
A.8.30,ISO27001,A.8.30,위탁 개발 (Outsourced development),기술적 통제 (A.8),,위탁 개발 (Outsourced development),프로토타입,
A.8.31,ISO27001,A.8.31,"개발, 테스트 및 운영 환경의 분리 (Separation of development, testing and operational environments)",기술적 통제 (A.8),,"개발, 테스트 및 운영 환경의 분리 (Separation of development, testing and operational environments)",프로토타입,
A.8.32,ISO27001,A.8.32,변경 관리 (Change management),기술적 통제 (A.8),,변경 관리 (Change management),프로토타입,
A.8.33,ISO27001,A.8.33,테스트 정보 (Test information),기술적 통제 (A.8),,테스트 정보 (Test information),프로토타입,
A.8.34,ISO27001,A.8.34,감사 테스트 중 정보시스템 보호 (Protection of information systems during audit testing),기술적 통제 (A.8),,감사 테스트 중 정보시스템 보호 (Protection of information systems during audit testing),프로토타입,
